sample_id,case_id,field_name,field_class,declared_type,selection_probability,raw_exact,normalized_exact,token_set_exact,all_null,all_nonnull,mixed_null,null_pattern,adjacent_null_transitions,min_pairwise_lexical_similarity,min_pairwise_nonnull_lexical_similarity,lexical_at_least_70,lexical_at_least_80,lexical_at_least_90
EXT-01-3b14f3a6cd35,1,comparison,categorical,categorical,0.2941176470588235,False,False,False,False,False,True,NVV,1,0.0,0.7037037037037037,False,False,False
EXT-01-3e7effe3d288,1,ci_lower,potentially_synthesis_critical,numeric,0.6666666666666666,True,True,True,False,True,False,VVV,0,1.0,1.0,True,True,True
EXT-01-4d3f8bc82b5e,1,effect_size,potentially_synthesis_critical,numeric,0.1388888888888889,True,True,True,True,False,False,NNN,0,1.0,,True,True,True
EXT-01-4f22f8bf0a39,1,sample_size,potentially_synthesis_critical,numeric,0.6666666666666666,False,False,False,False,True,False,VVV,0,0.21818181818181817,0.21818181818181817,False,False,False
EXT-01-6c4628b565fa,1,outcome,categorical,categorical,0.1052631578947368,False,False,True,False,True,False,VVV,0,0.9058823529411765,0.9058823529411765,True,True,True
EXT-01-74ff18794044,1,country,categorical,categorical,1.0,False,False,False,False,True,False,VVV,0,0.2926829268292683,0.2926829268292683,False,False,False
EXT-01-7896be00e53d,1,ci_lower,potentially_synthesis_critical,numeric,0.1388888888888889,True,True,True,True,False,False,NNN,0,1.0,,True,True,True
EXT-01-8169af27df40,1,study_design,categorical,categorical,0.2941176470588235,True,True,True,True,False,False,NNN,0,1.0,,True,True,True
EXT-01-83b7f91fb02b,1,comparison,categorical,categorical,0.2941176470588235,False,True,True,False,True,False,VVV,0,1.0,1.0,True,True,True
EXT-01-930e194a7cab,1,study_design,categorical,categorical,0.1052631578947368,False,True,True,False,True,False,VVV,0,1.0,1.0,True,True,True
EXT-01-be33396abce8,1,study_design,categorical,categorical,0.2941176470588235,False,False,False,False,True,False,VVV,0,0.6666666666666666,0.6666666666666666,False,False,False
EXT-01-c90084204630,1,intervention,categorical,categorical,1.0,False,False,False,False,True,False,VVV,0,0.9349112426035503,0.9349112426035503,True,True,True
EXT-01-dea01b31ef80,1,ci_lower,potentially_synthesis_critical,numeric,0.1388888888888889,True,True,True,True,False,False,NNN,0,1.0,,True,True,True
EXT-01-e3532b460812,1,ci_upper,potentially_synthesis_critical,numeric,0.1388888888888889,True,True,True,True,False,False,NNN,0,1.0,,True,True,True
EXT-01-e8ff500847c7,1,sample_size,potentially_synthesis_critical,numeric,0.1388888888888889,True,True,True,True,False,False,NNN,0,1.0,,True,True,True
EXT-01-ed5aa669382f,1,country,categorical,categorical,0.1052631578947368,True,True,True,False,True,False,VVV,0,1.0,1.0,True,True,True
EXT-01-f3a986476ff8,1,sample_size,potentially_synthesis_critical,numeric,0.6666666666666666,True,True,True,False,True,False,VVV,0,1.0,1.0,True,True,True
EXT-02-15ec72e1a207,2,effect_size,potentially_synthesis_critical,numeric,0.078125,True,True,True,False,True,False,VVV,0,1.0,1.0,True,True,True
EXT-02-2129103436b8,2,country,categorical,categorical,0.1515151515151515,True,True,True,True,False,False,NNN,0,1.0,,True,True,True
EXT-02-46fc406a6ab2,2,outcome,categorical,categorical,0.0343642611683848,False,False,False,False,True,False,VVV,0,0.6206896551724138,0.6206896551724138,False,False,False
EXT-02-52c29dd15375,2,intervention,categorical,categorical,0.0343642611683848,False,True,True,False,True,False,VVV,0,1.0,1.0,True,True,True
EXT-02-80c57fb772f7,2,ci_lower,potentially_synthesis_critical,numeric,0.0636942675159235,True,True,True,True,False,False,NNN,0,1.0,,True,True,True
EXT-02-8f70af6699e9,2,sample_size,potentially_synthesis_critical,numeric,0.078125,False,False,False,False,True,False,VVV,0,0.20689655172413793,0.20689655172413793,False,False,False
EXT-02-954b3d790b91,2,ci_upper,potentially_synthesis_critical,numeric,0.0636942675159235,True,True,True,True,False,False,NNN,0,1.0,,True,True,True
EXT-02-cd58cc5a4348,2,outcome,categorical,categorical,0.0343642611683848,False,False,False,False,True,False,VVV,0,0.9148580968280468,0.9148580968280468,True,True,True
EXT-02-fba15fa47f9a,2,country,categorical,categorical,0.1515151515151515,True,True,True,True,False,False,NNN,0,1.0,,True,True,True
EXT-02-fd3ed22c8a46,2,country,categorical,categorical,0.1515151515151515,True,True,True,True,False,False,NNN,0,1.0,,True,True,True
EXT-02-fe951dbb9109,2,ci_lower,potentially_synthesis_critical,numeric,0.0636942675159235,True,True,True,True,False,False,NNN,0,1.0,,True,True,True
EXT-03-01a9cb7284c9,3,sample_size,potentially_synthesis_critical,numeric,0.6666666666666666,True,True,True,True,False,False,NNN,0,1.0,,True,True,True
EXT-03-0395076d83df,3,drug,categorical,categorical,0.4166666666666667,False,False,False,False,True,False,VVV,0,0.7272727272727273,0.7272727272727273,True,False,False
EXT-03-0aed91fae3f9,3,drug,categorical,categorical,1.0,True,True,True,True,False,False,NNN,0,1.0,,True,True,True
EXT-03-0ffcb0ef0cdf,3,follow_up_years,other_numeric,numeric,0.0354609929078014,True,True,True,False,True,False,VVV,0,1.0,1.0,True,True,True
EXT-03-2c463888b2fa,3,drug,categorical,categorical,1.0,False,False,False,False,True,False,VVV,0,0.8151815181518152,0.8151815181518152,True,True,False
EXT-03-3371d815fb4c,3,sample_size,potentially_synthesis_critical,numeric,0.0060901339829476,True,True,True,False,True,False,VVV,0,1.0,1.0,True,True,True
EXT-03-3815dc5193a4,3,study_design,categorical,categorical,0.0040016006402561,False,False,False,False,True,False,VVV,0,0.47337278106508873,0.47337278106508873,False,False,False
EXT-03-416674a813bf,3,hazard_ratio,potentially_synthesis_critical,numeric,0.9090909090909092,True,True,True,True,False,False,NNN,0,1.0,,True,True,True
EXT-03-4556112b615b,3,ci_lower,potentially_synthesis_critical,numeric,0.6666666666666666,False,False,False,False,True,False,VVV,0,0.36363636363636365,0.36363636363636365,False,False,False
EXT-03-511cc5a928b5,3,ci_lower,potentially_synthesis_critical,numeric,0.0060901339829476,True,True,True,False,True,False,VVV,0,1.0,1.0,True,True,True
EXT-03-6123a5b6bcd3,3,ci_upper,potentially_synthesis_critical,numeric,0.6666666666666666,False,False,False,False,True,False,VVV,0,0.09302325581395349,0.09302325581395349,False,False,False
EXT-03-687a1bdc2d26,3,follow_up_years,other_numeric,numeric,0.0190114068441064,True,True,True,True,False,False,NNN,0,1.0,,True,True,True
EXT-03-6f31e497f313,3,drug,categorical,categorical,1.0,True,True,True,False,True,False,VVV,0,1.0,1.0,True,True,True
EXT-03-74aaf5f1d00a,3,sample_size,potentially_synthesis_critical,numeric,0.6666666666666666,True,True,True,True,False,False,NNN,0,1.0,,True,True,True
EXT-03-75a97af99a58,3,sample_size,potentially_synthesis_critical,numeric,0.5263157894736842,True,True,True,False,True,False,VVV,0,1.0,1.0,True,True,True
EXT-03-7da72ad6c81a,3,sample_size,potentially_synthesis_critical,numeric,0.6666666666666666,True,True,True,False,True,False,VVV,0,1.0,1.0,True,True,True
EXT-03-905c9db636a2,3,follow_up_years,other_numeric,numeric,0.0190114068441064,True,True,True,True,False,False,NNN,0,1.0,,True,True,True
EXT-03-9212eda1b6ab,3,sample_size,potentially_synthesis_critical,numeric,0.5263157894736842,True,True,True,False,True,False,VVV,0,1.0,1.0,True,True,True
EXT-03-952a7220fb78,3,follow_up_years,other_numeric,numeric,1.0,True,True,True,False,True,False,VVV,0,1.0,1.0,True,True,True
EXT-03-996328e92301,3,follow_up_years,other_numeric,numeric,0.4347826086956521,True,True,True,True,False,False,NNN,0,1.0,,True,True,True
EXT-03-a24f3b902011,3,follow_up_years,other_numeric,numeric,1.0,True,True,True,True,False,False,NNN,0,1.0,,True,True,True
EXT-03-a2ad92ccfd2d,3,follow_up_years,other_numeric,numeric,0.4347826086956521,True,True,True,True,False,False,NNN,0,1.0,,True,True,True
EXT-03-a966c137afcc,3,hazard_ratio,potentially_synthesis_critical,numeric,1.0,False,False,False,False,False,True,NVN,2,0.0,,False,False,False
EXT-03-b12e96d27575,3,country,categorical,categorical,0.0120048019207683,True,True,True,True,False,False,NNN,0,1.0,,True,True,True
EXT-03-b8546f9becfc,3,follow_up_years,other_numeric,numeric,1.0,True,True,True,False,True,False,VVV,0,1.0,1.0,True,True,True
EXT-03-bc690ed51bd1,3,follow_up_years,other_numeric,numeric,0.0354609929078014,True,True,True,False,True,False,VVV,0,1.0,1.0,True,True,True
EXT-03-c19c7dbae355,3,ci_lower,potentially_synthesis_critical,numeric,0.0059665871121718,True,True,True,True,False,False,NNN,0,1.0,,True,True,True
EXT-03-c1e9749d1431,3,ci_upper,potentially_synthesis_critical,numeric,0.9090909090909092,True,True,True,False,True,False,VVV,0,1.0,1.0,True,True,True
EXT-03-c698d92d6890,3,follow_up_years,other_numeric,numeric,0.0354609929078014,True,True,True,False,True,False,VVV,0,1.0,1.0,True,True,True
EXT-03-d347430ed50e,3,country,categorical,categorical,0.0120048019207683,False,False,False,False,False,True,VNN,1,0.0,,False,False,False
EXT-03-d361f499e4a9,3,follow_up_years,other_numeric,numeric,1.0,False,True,True,False,True,False,VVV,0,1.0,1.0,True,True,True
EXT-03-d71666b67610,3,ci_upper,potentially_synthesis_critical,numeric,0.0060901339829476,True,True,True,False,True,False,VVV,0,1.0,1.0,True,True,True
EXT-03-d93cbeb3ad18,3,hazard_ratio,potentially_synthesis_critical,numeric,0.0059665871121718,True,True,True,True,False,False,NNN,0,1.0,,True,True,True
EXT-03-e0b6682b4065,3,country,categorical,categorical,0.0120048019207683,True,True,True,True,False,False,NNN,0,1.0,,True,True,True
EXT-03-e76d263258dd,3,hazard_ratio,potentially_synthesis_critical,numeric,0.6666666666666666,True,True,True,True,False,False,NNN,0,1.0,,True,True,True
EXT-03-e85051d5d730,3,study_design,categorical,categorical,0.0040016006402561,False,False,False,False,True,False,VVV,0,0.5217391304347826,0.5217391304347826,False,False,False
EXT-03-e92cb1d6a948,3,follow_up_years,other_numeric,numeric,0.4347826086956521,True,True,True,False,True,False,VVV,0,1.0,1.0,True,True,True
EXT-03-e994df94c0e6,3,study_design,categorical,categorical,0.4166666666666667,False,False,True,False,True,False,VVV,0,0.6617647058823529,0.6617647058823529,False,False,False
EXT-03-f8eead658f33,3,sample_size,potentially_synthesis_critical,numeric,0.6666666666666666,True,True,True,True,False,False,NNN,0,1.0,,True,True,True
EXT-03-fa3a129f572b,3,follow_up_years,other_numeric,numeric,1.0,False,False,False,False,True,False,VVV,0,0.75,0.75,True,False,False
EXT-04-08fb77f68ac9,4,study_design,categorical,categorical,0.0840336134453781,False,False,False,False,True,False,VVV,0,0.7558139534883721,0.7558139534883721,True,False,False
EXT-04-0927c242c615,4,sample_size,potentially_synthesis_critical,numeric,0.001978630787495,True,True,True,True,False,False,NNN,0,1.0,,True,True,True
EXT-04-09d0594e9d04,4,study_design,categorical,categorical,0.0076982294072363,False,False,False,False,True,False,VVV,0,0.5378151260504201,0.5378151260504201,False,False,False
EXT-04-152ad96fc064,4,auc,potentially_synthesis_critical,numeric,0.3846153846153846,False,False,False,False,True,False,VVV,0,0.918918918918919,0.918918918918919,True,True,True
EXT-04-2c76d2e8b830,4,auc,potentially_synthesis_critical,numeric,0.0396825396825396,False,False,False,False,True,False,VVV,0,0.35714285714285715,0.35714285714285715,False,False,False
EXT-04-310eeddfd082,4,ai_model_type,categorical,categorical,0.001206127125799,False,False,False,False,True,False,VVV,0,0.7630522088353414,0.7630522088353414,True,False,False
EXT-04-323adbfdb612,4,imaging_modality,categorical,categorical,1.0,True,True,True,True,False,False,NNN,0,1.0,,True,True,True
EXT-04-39f3d9934a7c,4,imaging_modality,categorical,categorical,1.0,False,False,False,False,False,True,VVN,1,0.0,0.8860759493670886,False,False,False
EXT-04-3d418d77d008,4,study_design,categorical,categorical,0.0840336134453781,False,False,False,False,True,False,VVV,0,0.8461538461538461,0.8461538461538461,True,True,False
EXT-04-46e3ad3d3b31,4,ai_model_type,categorical,categorical,0.001206127125799,False,True,True,False,True,False,VVV,0,1.0,1.0,True,True,True
EXT-04-49a224d22bc8,4,study_design,categorical,categorical,0.1724137931034483,False,False,False,False,True,False,VVV,0,0.6521739130434783,0.6521739130434783,False,False,False
EXT-04-5bd55c2db886,4,specificity,potentially_synthesis_critical,numeric,1.0,True,True,True,True,False,False,NNN,0,1.0,,True,True,True
EXT-04-5e75890e4f22,4,sample_size,potentially_synthesis_critical,numeric,0.001978630787495,True,True,True,True,False,False,NNN,0,1.0,,True,True,True
EXT-04-74e692ba4583,4,study_design,categorical,categorical,0.0076982294072363,False,False,False,False,True,False,VVV,0,0.4157303370786517,0.4157303370786517,False,False,False
EXT-04-75c7b4e5ad53,4,auc,potentially_synthesis_critical,numeric,0.0022542831379621,True,True,True,False,True,False,VVV,0,1.0,1.0,True,True,True
EXT-04-797362e3c264,4,auc,potentially_synthesis_critical,numeric,0.3846153846153846,False,False,False,False,True,False,VVV,0,0.88,0.88,True,True,False
EXT-04-8017700eb531,4,study_design,categorical,categorical,0.0076982294072363,False,False,False,False,True,False,VVV,0,0.2708333333333333,0.2708333333333333,False,False,False
EXT-04-8aefa4c7146a,4,auc,potentially_synthesis_critical,numeric,1.0,True,True,True,True,False,False,NNN,0,1.0,,True,True,True
EXT-04-998a3ac8cef0,4,study_design,categorical,categorical,0.0840336134453781,False,False,False,False,True,False,VVV,0,0.609375,0.609375,False,False,False
EXT-04-9b9d5e6abd7f,4,specificity,potentially_synthesis_critical,numeric,1.0,True,True,True,True,False,False,NNN,0,1.0,,True,True,True
EXT-04-a22d04483be3,4,imaging_modality,categorical,categorical,1.0,True,True,True,True,False,False,NNN,0,1.0,,True,True,True
EXT-04-a53a27c3a390,4,sensitivity,potentially_synthesis_critical,numeric,0.001978630787495,True,True,True,True,False,False,NNN,0,1.0,,True,True,True
EXT-04-a7e85f15d5de,4,specificity,potentially_synthesis_critical,numeric,1.0,True,True,True,True,False,False,NNN,0,1.0,,True,True,True
EXT-04-b481b5181859,4,sensitivity,potentially_synthesis_critical,numeric,0.001978630787495,True,True,True,True,False,False,NNN,0,1.0,,True,True,True
EXT-04-b4f9ff10b33a,4,imaging_modality,categorical,categorical,1.0,True,True,True,True,False,False,NNN,0,1.0,,True,True,True
EXT-04-b6ad8c86d58f,4,specificity,potentially_synthesis_critical,numeric,0.3846153846153846,False,False,False,False,False,True,NNV,1,0.0,,False,False,False
EXT-04-b6fb0a4f1e3a,4,auc,potentially_synthesis_critical,numeric,0.3846153846153846,False,False,False,False,True,False,VVV,0,0.42105263157894735,0.42105263157894735,False,False,False
EXT-04-b9613c15090e,4,auc,potentially_synthesis_critical,numeric,0.0396825396825396,False,False,False,False,True,False,VVV,0,0.9032258064516129,0.9032258064516129,True,True,True
EXT-04-ce324f7330ec,4,auc,potentially_synthesis_critical,numeric,1.0,True,True,True,True,False,False,NNN,0,1.0,,True,True,True
EXT-04-d065628e8133,4,task,categorical,categorical,0.1724137931034483,False,False,False,False,True,False,VVV,0,0.8105263157894737,0.8105263157894737,True,True,False
EXT-04-d43c2d3b09bf,4,study_design,categorical,categorical,0.0076982294072363,False,False,False,False,True,False,VVV,0,0.3132530120481928,0.3132530120481928,False,False,False
EXT-04-d5dcf9052ad5,4,imaging_modality,categorical,categorical,0.1724137931034483,False,False,False,False,True,False,VVV,0,0.43902439024390244,0.43902439024390244,False,False,False
EXT-04-e1ab37341e56,4,auc,potentially_synthesis_critical,numeric,0.0396825396825396,True,True,True,False,True,False,VVV,0,1.0,1.0,True,True,True
EXT-04-e5695d5ff84b,4,auc,potentially_synthesis_critical,numeric,0.3846153846153846,True,True,True,False,True,False,VVV,0,1.0,1.0,True,True,True
EXT-04-e57014208fe7,4,imaging_modality,categorical,categorical,1.0,True,True,True,True,False,False,NNN,0,1.0,,True,True,True
EXT-04-e950b319e821,4,study_design,categorical,categorical,0.0076982294072363,False,False,False,False,True,False,VVV,0,0.5402843601895735,0.5402843601895735,False,False,False
EXT-04-f3f150bd4d8e,4,imaging_modality,categorical,categorical,1.0,False,False,False,False,False,True,VNN,1,0.0,,False,False,False
EXT-04-f9c32ee363c5,4,study_design,categorical,categorical,0.0840336134453781,False,False,False,False,True,False,VVV,0,0.5647058823529412,0.5647058823529412,False,False,False
EXT-05-02b9ad7f99ec,5,study_design,categorical,categorical,0.0840336134453781,False,False,False,False,False,True,NVN,2,0.0,,False,False,False
EXT-05-18ec989334c2,5,ci_lower,potentially_synthesis_critical,numeric,0.0059630292188431,True,True,True,True,False,False,NNN,0,1.0,,True,True,True
EXT-05-1f69a3fc7676,5,outcome,categorical,categorical,1.0,False,False,False,False,True,False,VVV,0,0.9032258064516129,0.9032258064516129,True,True,True
EXT-05-2396170d23fc,5,sample_size,potentially_synthesis_critical,numeric,1.0,True,True,True,False,True,False,VVV,0,1.0,1.0,True,True,True
EXT-05-244fbbc6839c,5,programme,categorical,categorical,0.0057339449541284,True,True,True,False,True,False,VVV,0,1.0,1.0,True,True,True
EXT-05-441c3deeedc7,5,programme,categorical,categorical,0.0057339449541284,False,False,False,False,True,False,VVV,0,0.6451612903225806,0.6451612903225806,False,False,False
EXT-05-4dbf23906104,5,effect_size,potentially_synthesis_critical,numeric,1.0,True,True,True,False,True,False,VVV,0,1.0,1.0,True,True,True
EXT-05-5820ab3be0b8,5,programme,categorical,categorical,1.0,False,False,False,False,True,False,VVV,0,0.23333333333333334,0.23333333333333334,False,False,False
EXT-05-68430b2e7c32,5,sample_size,potentially_synthesis_critical,numeric,0.0518134715025906,True,True,True,False,True,False,VVV,0,1.0,1.0,True,True,True
EXT-05-694aebc6fb78,5,sample_size,potentially_synthesis_critical,numeric,1.0,True,True,True,False,True,False,VVV,0,1.0,1.0,True,True,True
EXT-05-6d017cb0d2f3,5,study_design,categorical,categorical,1.0,False,False,False,False,True,False,VVV,0,0.6494845360824743,0.6494845360824743,False,False,False
EXT-05-6e3e7f2a2f10,5,ci_lower,potentially_synthesis_critical,numeric,0.0518134715025906,True,True,True,False,True,False,VVV,0,1.0,1.0,True,True,True
EXT-05-6fdb150ab941,5,effect_size,potentially_synthesis_critical,numeric,0.0059630292188431,True,True,True,True,False,False,NNN,0,1.0,,True,True,True
EXT-05-7b5c8eed08ac,5,effect_size,potentially_synthesis_critical,numeric,0.0518134715025906,False,False,False,False,True,False,VVV,0,0.8,0.8,True,True,False
EXT-05-7e15f192e386,5,sample_size,potentially_synthesis_critical,numeric,0.0059630292188431,True,True,True,True,False,False,NNN,0,1.0,,True,True,True
EXT-05-8831ecc61e3e,5,study_design,categorical,categorical,0.0840336134453781,False,False,False,False,True,False,VVV,0,0.5189873417721519,0.5189873417721519,False,False,False
EXT-05-a87e338997f9,5,study_design,categorical,categorical,0.0057339449541284,False,False,False,False,True,False,VVV,0,0.4507042253521127,0.4507042253521127,False,False,False
EXT-05-b76c259f0d5c,5,sample_size,potentially_synthesis_critical,numeric,0.0518134715025906,True,True,True,False,True,False,VVV,0,1.0,1.0,True,True,True
EXT-05-d6f9f4c32598,5,ci_upper,potentially_synthesis_critical,numeric,0.0518134715025906,True,True,True,False,True,False,VVV,0,1.0,1.0,True,True,True
EXT-05-e4501ffb93fa,5,outcome,categorical,categorical,1.0,False,False,False,False,True,False,VVV,0,0.5354330708661418,0.5354330708661418,False,False,False
EXT-05-e78e614068e1,5,country,categorical,categorical,0.0840336134453781,False,False,False,False,False,True,NVV,1,0.0,1.0,False,False,False
EXT-05-f9bfe0b95a07,5,country,categorical,categorical,1.0,True,True,True,False,True,False,VVV,0,1.0,1.0,True,True,True
EXT-05-fc91c259dd10,5,ci_lower,potentially_synthesis_critical,numeric,0.0059630292188431,True,True,True,True,False,False,NNN,0,1.0,,True,True,True
EXT-06-1d233be8ea42,6,sample_size,potentially_synthesis_critical,numeric,1.0,False,False,False,False,True,False,VVV,0,0.0,0.0,False,False,False
EXT-06-2db25c8bb412,6,outcome,categorical,categorical,0.0040916530278232,True,True,True,False,True,False,VVV,0,1.0,1.0,True,True,True
EXT-06-3a96c50e327e,6,study_design,categorical,categorical,0.217391304347826,True,True,True,False,True,False,VVV,0,1.0,1.0,True,True,True
EXT-06-3cd6ea7118fd,6,ci_lower,potentially_synthesis_critical,numeric,0.0128040973111395,True,True,True,False,True,False,VVV,0,1.0,1.0,True,True,True
EXT-06-4703f98477d9,6,ci_lower,potentially_synthesis_critical,numeric,1.0,True,True,True,False,True,False,VVV,0,1.0,1.0,True,True,True
EXT-06-5c903d300ffa,6,sample_size,potentially_synthesis_critical,numeric,0.0128040973111395,True,True,True,False,True,False,VVV,0,1.0,1.0,True,True,True
EXT-06-5d2087418c99,6,platform,categorical,categorical,0.3703703703703703,False,False,False,False,True,False,VVV,0,0.84,0.84,True,True,False
EXT-06-620a8e475878,6,platform,categorical,categorical,0.025,True,True,True,True,False,False,NNN,0,1.0,,True,True,True
EXT-06-67e87c1a46ac,6,age_group,categorical,categorical,0.3703703703703703,False,False,False,False,True,False,VVV,0,0.8461538461538461,0.8461538461538461,True,True,False
EXT-06-68c0dfc0be26,6,platform,categorical,categorical,0.3703703703703703,False,False,False,False,True,False,VVV,0,0.7524752475247525,0.7524752475247525,True,False,False
EXT-06-6f020cee8292,6,ci_upper,potentially_synthesis_critical,numeric,0.0064724919093851,True,True,True,True,False,False,NNN,0,1.0,,True,True,True
EXT-06-7528ed36aea0,6,country,categorical,categorical,0.0040916530278232,True,True,True,False,True,False,VVV,0,1.0,1.0,True,True,True
EXT-06-7b4043c6ad89,6,ci_lower,potentially_synthesis_critical,numeric,0.0064724919093851,True,True,True,True,False,False,NNN,0,1.0,,True,True,True
EXT-06-839d3b5abf4a,6,ci_lower,potentially_synthesis_critical,numeric,0.0128040973111395,True,True,True,False,True,False,VVV,0,1.0,1.0,True,True,True
EXT-06-89f897b6c350,6,study_design,categorical,categorical,0.217391304347826,True,True,True,False,True,False,VVV,0,1.0,1.0,True,True,True
EXT-06-9fc3ae002429,6,outcome,categorical,categorical,0.0040916530278232,True,True,True,False,True,False,VVV,0,1.0,1.0,True,True,True
EXT-06-a424e9aa6b37,6,ci_upper,potentially_synthesis_critical,numeric,0.0064724919093851,True,True,True,True,False,False,NNN,0,1.0,,True,True,True
EXT-06-c5046c35f1c1,6,country,categorical,categorical,0.025,True,True,True,True,False,False,NNN,0,1.0,,True,True,True
EXT-06-cfd084389dc1,6,platform,categorical,categorical,0.3703703703703703,True,True,True,False,True,False,VVV,0,1.0,1.0,True,True,True
EXT-06-e1976a0accda,6,age_group,categorical,categorical,0.3703703703703703,False,True,True,False,True,False,VVV,0,1.0,1.0,True,True,True
EXT-07-05296fa6662c,7,recidivism_rate_treatment,potentially_synthesis_critical,numeric,0.0531914893617021,True,True,True,True,False,False,NNN,0,1.0,,True,True,True
EXT-07-167f3ad9e708,7,sample_size,potentially_synthesis_critical,numeric,0.238095238095238,True,True,True,False,True,False,VVV,0,1.0,1.0,True,True,True
EXT-07-2b9f3517a9b9,7,sample_size,potentially_synthesis_critical,numeric,0.238095238095238,True,True,True,False,True,False,VVV,0,1.0,1.0,True,True,True
EXT-07-47b793b956cd,7,sample_size,potentially_synthesis_critical,numeric,0.238095238095238,True,True,True,False,True,False,VVV,0,1.0,1.0,True,True,True
EXT-07-612d3b4c739b,7,recidivism_rate_treatment,potentially_synthesis_critical,numeric,0.238095238095238,False,False,False,False,True,False,VVV,0,0.8,0.8,True,True,False
EXT-07-617056d489da,7,country,categorical,categorical,1.0,True,True,True,False,True,False,VVV,0,1.0,1.0,True,True,True
EXT-07-684ad565297c,7,country,categorical,categorical,0.0396825396825396,True,True,True,False,True,False,VVV,0,1.0,1.0,True,True,True
EXT-07-6f441aca3027,7,follow_up_months,other_numeric,numeric,0.4347826086956521,True,True,True,False,True,False,VVV,0,1.0,1.0,True,True,True
EXT-07-8d142e3f52b0,7,outcome,categorical,categorical,1.0,False,False,False,False,True,False,VVV,0,0.24242424242424243,0.24242424242424243,False,False,False
EXT-07-9d256c233083,7,sample_size,potentially_synthesis_critical,numeric,0.238095238095238,True,True,True,False,True,False,VVV,0,1.0,1.0,True,True,True
EXT-07-a05dec363006,7,recidivism_rate_control,potentially_synthesis_critical,numeric,0.0531914893617021,True,True,True,True,False,False,NNN,0,1.0,,True,True,True
EXT-07-a582f45d1759,7,recidivism_rate_treatment,potentially_synthesis_critical,numeric,0.0531914893617021,True,True,True,True,False,False,NNN,0,1.0,,True,True,True
EXT-07-c15fe9c55253,7,follow_up_months,other_numeric,numeric,0.1886792452830188,True,True,True,True,False,False,NNN,0,1.0,,True,True,True
EXT-07-cf1fdf987616,7,follow_up_months,other_numeric,numeric,0.1886792452830188,True,True,True,True,False,False,NNN,0,1.0,,True,True,True
EXT-07-d95ac826bd7c,7,study_design,categorical,categorical,0.1886792452830188,False,False,False,False,True,False,VVV,0,0.7441860465116279,0.7441860465116279,True,False,False
EXT-07-e8935ce627e3,7,follow_up_months,other_numeric,numeric,0.4347826086956521,True,True,True,False,True,False,VVV,0,1.0,1.0,True,True,True
EXT-07-ef2ab604e3f3,7,country,categorical,categorical,0.0396825396825396,True,True,True,False,True,False,VVV,0,1.0,1.0,True,True,True
EXT-07-f86ab4ecb079,7,follow_up_months,other_numeric,numeric,0.1886792452830188,True,True,True,True,False,False,NNN,0,1.0,,True,True,True
EXT-07-fd0246db9354,7,study_design,categorical,categorical,0.1886792452830188,True,True,True,True,False,False,NNN,0,1.0,,True,True,True
EXT-08-0403aabbd690,8,year,other_numeric,numeric,0.0578034682080924,True,True,True,True,False,False,NNN,0,1.0,,True,True,True
EXT-08-0661122c8f18,8,gap_percent,potentially_synthesis_critical,numeric,1.0,True,True,True,False,True,False,VVV,0,1.0,1.0,True,True,True
EXT-08-128c043c7510,8,country,categorical,categorical,0.3448275862068966,False,False,False,False,False,True,NNV,1,0.0,,False,False,False
EXT-08-176ad75497e6,8,year,other_numeric,numeric,0.8333333333333334,True,True,True,True,False,False,NNN,0,1.0,,True,True,True
EXT-08-1773230962a1,8,study_design,categorical,categorical,0.028735632183908,False,False,False,False,True,False,VVV,0,0.5066666666666667,0.5066666666666667,False,False,False
EXT-08-27beb7121ac0,8,year,other_numeric,numeric,0.8333333333333334,True,True,True,False,True,False,VVV,0,1.0,1.0,True,True,True
EXT-08-289c5c2b8fbe,8,gap_percent,potentially_synthesis_critical,numeric,0.1470588235294117,True,True,True,False,True,False,VVV,0,1.0,1.0,True,True,True
EXT-08-2c21409a6c07,8,country,categorical,categorical,0.3448275862068966,True,True,True,False,True,False,VVV,0,1.0,1.0,True,True,True
EXT-08-2c3ee8f1a744,8,country,categorical,categorical,0.6666666666666666,True,True,True,False,True,False,VVV,0,1.0,1.0,True,True,True
EXT-08-362c635b55e3,8,gap_measure,categorical,categorical,0.0120192307692307,False,False,False,False,True,False,VVV,0,0.7407407407407407,0.7407407407407407,True,False,False
EXT-08-3b971226cd11,8,country,categorical,categorical,0.3448275862068966,False,False,False,False,False,True,NNV,1,0.0,,False,False,False
EXT-08-41c270b428cf,8,year,other_numeric,numeric,0.0862068965517241,False,False,False,False,False,True,VNV,2,0.0,0.6153846153846154,False,False,False
EXT-08-4570fbe12d14,8,country,categorical,categorical,0.0120192307692307,False,False,False,False,False,True,NNV,1,0.0,,False,False,False
EXT-08-47c67df9f969,8,gap_percent,potentially_synthesis_critical,numeric,1.0,False,False,False,False,True,False,VVV,0,0.75,0.75,True,False,False
EXT-08-49a4c37d57df,8,gap_percent,potentially_synthesis_critical,numeric,0.018348623853211,True,True,True,True,False,False,NNN,0,1.0,,True,True,True
EXT-08-4cbacf67c9fb,8,sector,categorical,categorical,0.028735632183908,True,True,True,True,False,False,NNN,0,1.0,,True,True,True
EXT-08-512737a36db8,8,study_design,categorical,categorical,0.0120192307692307,False,True,True,False,True,False,VVV,0,1.0,1.0,True,True,True
EXT-08-625f705407b3,8,year,other_numeric,numeric,0.0862068965517241,False,False,False,False,False,True,NNV,1,0.0,,False,False,False
EXT-08-6912b4b58308,8,year,other_numeric,numeric,0.8333333333333334,True,True,True,False,True,False,VVV,0,1.0,1.0,True,True,True
EXT-08-763a4eaec94b,8,country,categorical,categorical,0.3448275862068966,True,True,True,False,True,False,VVV,0,1.0,1.0,True,True,True
EXT-08-7c1e29978501,8,year,other_numeric,numeric,0.8333333333333334,False,True,True,False,True,False,VVV,0,1.0,1.0,True,True,True
EXT-08-80394914a590,8,year,other_numeric,numeric,0.0862068965517241,True,True,True,True,False,False,NNN,0,1.0,,True,True,True
EXT-08-86300d76090b,8,gap_measure,categorical,categorical,0.0120192307692307,False,False,False,False,True,False,VVV,0,0.6229508196721312,0.6229508196721312,False,False,False
EXT-08-8877a115ae9c,8,year,other_numeric,numeric,0.0578034682080924,True,True,True,True,False,False,NNN,0,1.0,,True,True,True
EXT-08-8d15ceec2e12,8,sector,categorical,categorical,0.028735632183908,False,False,False,False,True,False,VVV,0,0.6,0.6,False,False,False
EXT-08-9569682dbef8,8,year,other_numeric,numeric,0.0862068965517241,True,True,True,False,True,False,VVV,0,1.0,1.0,True,True,True
EXT-08-9acd1f8c7df1,8,country,categorical,categorical,0.3448275862068966,True,True,True,False,True,False,VVV,0,1.0,1.0,True,True,True
EXT-08-9e23ac053d00,8,country,categorical,categorical,0.6666666666666666,False,False,False,False,False,True,VVN,1,0.0,0.7164179104477612,False,False,False
EXT-08-aa6fba7298de,8,country,categorical,categorical,0.3448275862068966,True,True,True,True,False,False,NNN,0,1.0,,True,True,True
EXT-08-b6d41cdf5e51,8,year,other_numeric,numeric,0.0862068965517241,True,True,True,False,True,False,VVV,0,1.0,1.0,True,True,True
EXT-08-b8bbfd78e2bf,8,sample_size,potentially_synthesis_critical,numeric,0.018348623853211,True,True,True,False,True,False,VVV,0,1.0,1.0,True,True,True
EXT-08-ba5070c57678,8,study_design,categorical,categorical,1.0,False,False,False,False,True,False,VVV,0,0.7207207207207207,0.7207207207207207,True,False,False
EXT-08-bc6981a0a6a9,8,study_design,categorical,categorical,1.0,False,False,False,False,True,False,VVV,0,0.783410138248848,0.783410138248848,True,False,False
EXT-08-cc774269b88b,8,year,other_numeric,numeric,0.0578034682080924,True,True,True,True,False,False,NNN,0,1.0,,True,True,True
EXT-08-d2d5723c076e,8,country,categorical,categorical,0.6666666666666666,False,False,False,False,True,False,VVV,0,0.8285714285714286,0.8285714285714286,True,True,False
EXT-08-d5a3f5c850da,8,study_design,categorical,categorical,1.0,False,False,False,False,True,False,VVV,0,0.4792626728110599,0.4792626728110599,False,False,False
EXT-08-e267b7a3cc65,8,study_design,categorical,categorical,1.0,False,False,False,False,True,False,VVV,0,0.4968152866242038,0.4968152866242038,False,False,False
EXT-08-e799eb9a2b38,8,country,categorical,categorical,0.3448275862068966,False,False,False,False,True,False,VVV,0,0.9444444444444444,0.9444444444444444,True,True,True
EXT-08-ef2470e14401,8,study_design,categorical,categorical,1.0,False,False,False,False,True,False,VVV,0,0.8031496062992126,0.8031496062992126,True,True,False
EXT-08-f5aac0eeec6b,8,sample_size,potentially_synthesis_critical,numeric,0.018348623853211,True,True,True,False,True,False,VVV,0,1.0,1.0,True,True,True
EXT-09-06dc086cca03,9,effect_size,potentially_synthesis_critical,numeric,0.0052687038988408,True,True,True,True,False,False,NNN,0,1.0,,True,True,True
EXT-09-0905a5c68a7c,9,subject,categorical,categorical,0.010204081632653,False,False,False,False,True,False,VVV,0,0.32653061224489793,0.32653061224489793,False,False,False
EXT-09-21d1da1f3527,9,system_name,categorical,categorical,1.0,False,False,False,False,False,True,NVV,1,0.0,1.0,False,False,False
EXT-09-245442873dca,9,ci_upper,potentially_synthesis_critical,numeric,0.0052687038988408,True,True,True,True,False,False,NNN,0,1.0,,True,True,True
EXT-09-2882e874b33b,9,effect_size,potentially_synthesis_critical,numeric,0.0238663484486873,True,True,True,False,True,False,VVV,0,1.0,1.0,True,True,True
EXT-09-2933dfbd2118,9,effect_size,potentially_synthesis_critical,numeric,1.0,False,False,False,False,True,False,VVV,0,0.6666666666666666,0.6666666666666666,False,False,False
EXT-09-300473af1c2e,9,ci_upper,potentially_synthesis_critical,numeric,0.0052687038988408,True,True,True,True,False,False,NNN,0,1.0,,True,True,True
EXT-09-397892f527bd,9,sample_size,potentially_synthesis_critical,numeric,0.0238663484486873,True,True,True,False,True,False,VVV,0,1.0,1.0,True,True,True
EXT-09-56c2a664a743,9,subject,categorical,categorical,1.0,False,False,False,False,True,False,VVV,0,0.5818181818181818,0.5818181818181818,False,False,False
EXT-09-6addaa4f1ae3,9,system_name,categorical,categorical,1.0,False,False,False,False,False,True,NNV,1,0.0,,False,False,False
EXT-09-937b48543a47,9,ci_upper,potentially_synthesis_critical,numeric,0.0052687038988408,True,True,True,True,False,False,NNN,0,1.0,,True,True,True
EXT-09-a2b32280421c,9,study_design,categorical,categorical,0.0052438384897745,False,False,False,False,True,False,VVV,0,0.5309734513274337,0.5309734513274337,False,False,False
EXT-09-b15c7f27b980,9,country,categorical,categorical,0.010204081632653,True,True,True,True,False,False,NNN,0,1.0,,True,True,True
EXT-09-c120edbebf18,9,ci_upper,potentially_synthesis_critical,numeric,0.0238663484486873,True,True,True,False,True,False,VVV,0,1.0,1.0,True,True,True
EXT-09-d7f3949b777d,9,grade_level,categorical,categorical,0.010204081632653,True,True,True,True,False,False,NNN,0,1.0,,True,True,True
EXT-09-e01be39ca2f3,9,ci_lower,potentially_synthesis_critical,numeric,0.0052687038988408,True,True,True,True,False,False,NNN,0,1.0,,True,True,True
EXT-09-f22c65747fd9,9,sample_size,potentially_synthesis_critical,numeric,1.0,False,False,False,False,False,True,NVN,2,0.0,,False,False,False
EXT-09-f48356fe74eb,9,subject,categorical,categorical,0.0052438384897745,False,True,True,False,True,False,VVV,0,1.0,1.0,True,True,True
EXT-09-fb35622ea8a1,9,country,categorical,categorical,1.0,False,False,False,False,False,True,VVN,1,0.0,1.0,False,False,False
EXT-09-fd5b452d5761,9,country,categorical,categorical,0.010204081632653,True,True,True,True,False,False,NNN,0,1.0,,True,True,True
EXT-10-082fec0a07ba,10,study_design,categorical,categorical,1.0,False,False,False,False,True,False,VVV,0,0.6728971962616822,0.6728971962616822,False,False,False
EXT-10-1ef9de2b2af3,10,sample_size,potentially_synthesis_critical,numeric,0.042016806722689,True,True,True,False,True,False,VVV,0,1.0,1.0,True,True,True
EXT-10-1fdcd428c1c7,10,outcome_measure,categorical,categorical,0.0070921985815602,False,False,True,False,True,False,VVV,0,0.7959183673469388,0.7959183673469388,True,False,False
EXT-10-3b388c5e1659,10,game_type,categorical,categorical,0.8333333333333334,True,True,True,False,True,False,VVV,0,1.0,1.0,True,True,True
EXT-10-3ead7cd8d8be,10,effect_size,potentially_synthesis_critical,numeric,0.042016806722689,True,True,True,False,True,False,VVV,0,1.0,1.0,True,True,True
EXT-10-5dfe3747c6fb,10,country,categorical,categorical,0.029673590504451,True,True,True,True,False,False,NNN,0,1.0,,True,True,True
EXT-10-5e22bff36fc5,10,ci_upper,potentially_synthesis_critical,numeric,0.0085251491901108,True,True,True,True,False,False,NNN,0,1.0,,True,True,True
EXT-10-5fdec03ec15f,10,game_type,categorical,categorical,0.0070921985815602,False,True,True,False,True,False,VVV,0,1.0,1.0,True,True,True
EXT-10-68a560ffd9c5,10,sample_size,potentially_synthesis_critical,numeric,1.0,False,False,False,False,True,False,VVV,0,0.18181818181818182,0.18181818181818182,False,False,False
EXT-10-8448c06d9859,10,country,categorical,categorical,1.0,True,True,True,False,True,False,VVV,0,1.0,1.0,True,True,True
EXT-10-9b3e6341f113,10,sample_size,potentially_synthesis_critical,numeric,0.042016806722689,True,True,True,False,True,False,VVV,0,1.0,1.0,True,True,True
EXT-10-a7403e725a2d,10,country,categorical,categorical,0.8333333333333334,True,True,True,False,True,False,VVV,0,1.0,1.0,True,True,True
EXT-10-b7c77a819ccc,10,country,categorical,categorical,1.0,False,False,False,False,False,True,NVV,1,0.0,1.0,False,False,False
EXT-10-ba4a40ddf967,10,ci_lower,potentially_synthesis_critical,numeric,0.0085251491901108,True,True,True,True,False,False,NNN,0,1.0,,True,True,True
EXT-10-d3e295b9f64f,10,sample_size,potentially_synthesis_critical,numeric,0.042016806722689,True,True,True,False,True,False,VVV,0,1.0,1.0,True,True,True
EXT-10-d55863b555f5,10,sample_size,potentially_synthesis_critical,numeric,0.042016806722689,True,True,True,False,True,False,VVV,0,1.0,1.0,True,True,True
EXT-10-df72d5ee125e,10,ci_upper,potentially_synthesis_critical,numeric,1.0,True,True,True,False,True,False,VVV,0,1.0,1.0,True,True,True
EXT-10-e2a1b70d436d,10,country,categorical,categorical,0.029673590504451,True,True,True,True,False,False,NNN,0,1.0,,True,True,True
EXT-10-e2dcf141c17c,10,country,categorical,categorical,1.0,True,True,True,False,True,False,VVV,0,1.0,1.0,True,True,True
EXT-10-efbd0de23ab3,10,country,categorical,categorical,0.029673590504451,True,True,True,True,False,False,NNN,0,1.0,,True,True,True
EXT-10-fa84d21251d7,10,ci_lower,potentially_synthesis_critical,numeric,1.0,True,True,True,False,True,False,VVV,0,1.0,1.0,True,True,True
EXT-10-fc7b8db415f5,10,sample_size,potentially_synthesis_critical,numeric,0.042016806722689,True,True,True,False,True,False,VVV,0,1.0,1.0,True,True,True
EXT-11-08e8e6ae3731,11,school_level,categorical,categorical,0.0666666666666666,False,False,False,False,False,True,NVV,1,0.0,0.32142857142857145,False,False,False
EXT-11-0ec173167d14,11,school_level,categorical,categorical,0.0666666666666666,False,False,False,False,False,True,VNN,1,0.0,,False,False,False
EXT-11-0f5b06e748c0,11,effect_size,potentially_synthesis_critical,numeric,0.0074404761904761,True,True,True,True,False,False,NNN,0,1.0,,True,True,True
EXT-11-22cb7e3dbec0,11,class_size_control,potentially_synthesis_critical,numeric,1.0,True,True,True,True,False,False,NNN,0,1.0,,True,True,True
EXT-11-2383a5deebe6,11,country,categorical,categorical,0.7692307692307693,False,True,True,False,True,False,VVV,0,1.0,1.0,True,True,True
EXT-11-251805ff0958,11,class_size_treatment,potentially_synthesis_critical,numeric,0.059880239520958,True,True,True,False,True,False,VVV,0,1.0,1.0,True,True,True
EXT-11-326a8355ca88,11,effect_size,potentially_synthesis_critical,numeric,0.0074404761904761,True,True,True,False,True,False,VVV,0,1.0,1.0,True,True,True
EXT-11-3a5b073a43eb,11,school_level,categorical,categorical,0.0169779286926994,True,True,True,False,True,False,VVV,0,1.0,1.0,True,True,True
EXT-11-3daec9e37e26,11,school_level,categorical,categorical,0.7692307692307693,False,False,False,False,True,False,VVV,0,0.23529411764705882,0.23529411764705882,False,False,False
EXT-11-4d585119af47,11,study_design,categorical,categorical,1.0,False,False,False,False,True,False,VVV,0,0.7924528301886793,0.7924528301886793,True,False,False
EXT-11-52156f8be423,11,country,categorical,categorical,0.0169779286926994,True,True,True,False,True,False,VVV,0,1.0,1.0,True,True,True
EXT-11-523c1a7480d0,11,country,categorical,categorical,0.0666666666666666,True,True,True,True,False,False,NNN,0,1.0,,True,True,True
EXT-11-531b7ec008a0,11,country,categorical,categorical,0.7692307692307693,True,True,True,True,False,False,NNN,0,1.0,,True,True,True
EXT-11-5888ae6f6a86,11,sample_size,potentially_synthesis_critical,numeric,1.0,True,True,True,False,True,False,VVV,0,1.0,1.0,True,True,True
EXT-11-66387b9affa4,11,school_level,categorical,categorical,0.7692307692307693,False,False,False,False,True,False,VVV,0,0.56,0.56,False,False,False
EXT-11-6c3759baf190,11,class_size_treatment,potentially_synthesis_critical,numeric,1.0,False,False,False,False,True,False,VVV,0,0.4,0.4,False,False,False
EXT-11-78c03ea094f3,11,ci_upper,potentially_synthesis_critical,numeric,0.0074404761904761,True,True,True,True,False,False,NNN,0,1.0,,True,True,True
EXT-11-823c71634bd7,11,school_level,categorical,categorical,0.0169779286926994,False,False,False,False,True,False,VVV,0,0.6567164179104478,0.6567164179104478,False,False,False
EXT-11-86f20a31f0b5,11,class_size_control,potentially_synthesis_critical,numeric,0.059880239520958,False,False,False,False,True,False,VVV,0,0.4,0.4,False,False,False
EXT-11-95c992c6b98f,11,class_size_control,potentially_synthesis_critical,numeric,1.0,True,True,True,True,False,False,NNN,0,1.0,,True,True,True
EXT-11-a1b2f8e9821d,11,sample_size,potentially_synthesis_critical,numeric,0.059880239520958,True,True,True,False,True,False,VVV,0,1.0,1.0,True,True,True
EXT-11-a942f9fb8e3c,11,class_size_control,potentially_synthesis_critical,numeric,0.059880239520958,True,True,True,False,True,False,VVV,0,1.0,1.0,True,True,True
EXT-11-ab36ce874f21,11,country,categorical,categorical,0.0169779286926994,True,True,True,False,True,False,VVV,0,1.0,1.0,True,True,True
EXT-11-c4d1e3fd1d7e,11,study_design,categorical,categorical,0.0169779286926994,False,False,False,False,True,False,VVV,0,0.6568627450980392,0.6568627450980392,False,False,False
EXT-11-ca3b1004c2a4,11,study_design,categorical,categorical,1.0,False,False,False,False,True,False,VVV,0,0.8,0.8,True,True,False
EXT-11-ea1bd172f3e4,11,country,categorical,categorical,0.0666666666666666,True,True,True,False,True,False,VVV,0,1.0,1.0,True,True,True
EXT-11-f213ba6962ed,11,school_level,categorical,categorical,0.0666666666666666,False,False,False,False,False,True,VVN,1,0.0,0.26666666666666666,False,False,False
EXT-12-0c5535f013fa,12,discipline,categorical,categorical,0.0034246575342465,True,True,True,False,True,False,VVV,0,1.0,1.0,True,True,True
EXT-12-211c2f267dc1,12,country,categorical,categorical,1.0,True,True,True,False,True,False,VVV,0,1.0,1.0,True,True,True
EXT-12-29b504af6c96,12,sample_size,potentially_synthesis_critical,numeric,0.1111111111111111,True,True,True,True,False,False,NNN,0,1.0,,True,True,True
EXT-12-30241ba1b5ca,12,sample_size,potentially_synthesis_critical,numeric,0.0097181729834791,True,True,True,True,False,False,NNN,0,1.0,,True,True,True
EXT-12-31fb641b4af9,12,study_design,categorical,categorical,0.0034246575342465,False,False,False,False,True,False,VVV,0,0.5945945945945946,0.5945945945945946,False,False,False
EXT-12-35a5aeb1642d,12,sample_size,potentially_synthesis_critical,numeric,0.0169204737732656,True,True,True,False,True,False,VVV,0,1.0,1.0,True,True,True
EXT-12-3aed752c1324,12,sample_size,potentially_synthesis_critical,numeric,0.1111111111111111,True,True,True,True,False,False,NNN,0,1.0,,True,True,True
EXT-12-3d2d2fbd61f6,12,discipline,categorical,categorical,0.001372872048325,False,True,True,False,True,False,VVV,0,1.0,1.0,True,True,True
EXT-12-3dfb679dde2d,12,country,categorical,categorical,1.0,True,True,True,True,False,False,NNN,0,1.0,,True,True,True
EXT-12-4ecdd76e0f9f,12,sample_size,potentially_synthesis_critical,numeric,0.0169204737732656,True,True,True,False,True,False,VVV,0,1.0,1.0,True,True,True
EXT-12-5374d3401c6d,12,sample_size,potentially_synthesis_critical,numeric,1.0,True,True,True,False,True,False,VVV,0,1.0,1.0,True,True,True
EXT-12-5e7eed8b42ea,12,country,categorical,categorical,1.0,True,True,True,False,True,False,VVV,0,1.0,1.0,True,True,True
EXT-12-5fb541a60674,12,sample_size,potentially_synthesis_critical,numeric,0.0169204737732656,True,True,True,False,True,False,VVV,0,1.0,1.0,True,True,True
EXT-12-65c68ded89f2,12,outcome_direction,categorical,categorical,0.144927536231884,True,True,True,False,True,False,VVV,0,1.0,1.0,True,True,True
EXT-12-694c78fe48c3,12,sample_size,potentially_synthesis_critical,numeric,1.0,True,True,True,True,False,False,NNN,0,1.0,,True,True,True
EXT-12-6a6a4457a575,12,sample_size,potentially_synthesis_critical,numeric,0.0097181729834791,True,True,True,True,False,False,NNN,0,1.0,,True,True,True
EXT-12-7f3c8b6c4912,12,sample_size,potentially_synthesis_critical,numeric,1.0,False,False,False,False,True,False,VVV,0,0.0,0.0,False,False,False
EXT-12-a5ce35486f2b,12,country,categorical,categorical,0.144927536231884,True,True,True,False,True,False,VVV,0,1.0,1.0,True,True,True
EXT-12-a717045a9683,12,country,categorical,categorical,1.0,False,False,False,False,True,False,VVV,0,0.8571428571428571,0.8571428571428571,True,True,False
EXT-12-aa7cf3d0614e,12,sample_size,potentially_synthesis_critical,numeric,0.0097181729834791,True,True,True,True,False,False,NNN,0,1.0,,True,True,True
EXT-12-b6045fcb37a2,12,sample_size,potentially_synthesis_critical,numeric,0.0169204737732656,True,True,True,False,True,False,VVV,0,1.0,1.0,True,True,True
EXT-12-b662a9a10d90,12,sample_size,potentially_synthesis_critical,numeric,0.0169204737732656,False,False,False,False,True,False,VVV,0,0.0,0.0,False,False,False
EXT-12-be1fc3c51ec2,12,sample_size,potentially_synthesis_critical,numeric,1.0,True,True,True,True,False,False,NNN,0,1.0,,True,True,True
EXT-12-d9793b3caed5,12,sample_size,potentially_synthesis_critical,numeric,0.0097181729834791,True,True,True,True,False,False,NNN,0,1.0,,True,True,True
EXT-12-db51f4f8c740,12,use_case,categorical,categorical,0.001372872048325,False,False,False,False,True,False,VVV,0,0.49079754601226994,0.49079754601226994,False,False,False
EXT-12-de7298f556b0,12,sample_size,potentially_synthesis_critical,numeric,0.1111111111111111,True,True,True,True,False,False,NNN,0,1.0,,True,True,True
EXT-13-00336ccac624,13,ci_lower,potentially_synthesis_critical,numeric,0.0083752093802345,True,True,True,True,False,False,NNN,0,1.0,,True,True,True
EXT-13-072b1eeb7afc,13,years_protected,other_numeric,numeric,0.101010101010101,True,True,True,False,True,False,VVV,0,1.0,1.0,True,True,True
EXT-13-1874e18e11f1,13,mpa_type,categorical,categorical,0.050251256281407,True,True,True,True,False,False,NNN,0,1.0,,True,True,True
EXT-13-1d9a1269ee60,13,study_design,categorical,categorical,0.0087950747581354,False,False,False,False,True,False,VVV,0,0.5714285714285714,0.5714285714285714,False,False,False
EXT-13-264bc81246bd,13,sample_size,potentially_synthesis_critical,numeric,0.0609756097560975,False,False,False,False,False,True,VNN,1,0.0,,False,False,False
EXT-13-40a5afba89fb,13,years_protected,other_numeric,numeric,1.0,True,True,True,True,False,False,NNN,0,1.0,,True,True,True
EXT-13-40f4d6799c01,13,ci_upper,potentially_synthesis_critical,numeric,0.0083752093802345,True,True,True,True,False,False,NNN,0,1.0,,True,True,True
EXT-13-462ca48f05eb,13,years_protected,other_numeric,numeric,0.0434782608695652,True,True,True,True,False,False,NNN,0,1.0,,True,True,True
EXT-13-525c3bb5cb2d,13,years_protected,other_numeric,numeric,1.0,True,True,True,False,True,False,VVV,0,1.0,1.0,True,True,True
EXT-13-5f42d4adddbe,13,effect_size,potentially_synthesis_critical,numeric,1.0,True,True,True,False,True,False,VVV,0,1.0,1.0,True,True,True
EXT-13-6bab7ef558fa,13,ci_upper,potentially_synthesis_critical,numeric,0.0083752093802345,True,True,True,True,False,False,NNN,0,1.0,,True,True,True
EXT-13-72e627ff407f,13,years_protected,other_numeric,numeric,0.0434782608695652,True,True,True,True,False,False,NNN,0,1.0,,True,True,True
EXT-13-84599ad5a7a5,13,years_protected,other_numeric,numeric,0.0434782608695652,True,True,True,True,False,False,NNN,0,1.0,,True,True,True
EXT-13-985b94c92c59,13,years_protected,other_numeric,numeric,0.101010101010101,True,True,True,True,False,False,NNN,0,1.0,,True,True,True
EXT-13-99c03b3b0211,13,years_protected,other_numeric,numeric,0.0434782608695652,True,True,True,True,False,False,NNN,0,1.0,,True,True,True
EXT-13-9d95646de3e5,13,mpa_type,categorical,categorical,0.5555555555555556,False,False,False,False,True,False,VVV,0,0.2119205298013245,0.2119205298013245,False,False,False
EXT-13-b4e0206fbe64,13,mpa_type,categorical,categorical,0.5555555555555556,False,False,False,False,True,False,VVV,0,0.5161290322580645,0.5161290322580645,False,False,False
EXT-13-b62971451c82,13,mpa_type,categorical,categorical,0.0087950747581354,False,False,False,False,False,True,NVV,1,0.0,1.0,False,False,False
EXT-13-bed2f2aee74a,13,sample_size,potentially_synthesis_critical,numeric,0.0609756097560975,True,True,True,False,True,False,VVV,0,1.0,1.0,True,True,True
EXT-13-c27da32e28f1,13,years_protected,other_numeric,numeric,1.0,True,True,True,False,True,False,VVV,0,1.0,1.0,True,True,True
EXT-13-d2f1fa5a74e6,13,years_protected,other_numeric,numeric,0.101010101010101,True,True,True,False,True,False,VVV,0,1.0,1.0,True,True,True
EXT-13-e427bc9cb851,13,years_protected,other_numeric,numeric,1.0,True,True,True,False,True,False,VVV,0,1.0,1.0,True,True,True
EXT-13-e9844e4248b3,13,country,categorical,categorical,0.5555555555555556,True,True,True,True,False,False,NNN,0,1.0,,True,True,True
EXT-13-ef8ea24745b3,13,ci_lower,potentially_synthesis_critical,numeric,0.0083752093802345,True,True,True,True,False,False,NNN,0,1.0,,True,True,True
EXT-13-f2a7b7525688,13,country,categorical,categorical,0.050251256281407,False,False,False,False,False,True,VNV,2,0.0,1.0,False,False,False
EXT-14-037639bc7ee0,14,age_years,other_numeric,numeric,0.5,False,False,False,False,True,False,VVV,0,0.5,0.5,False,False,False
EXT-14-09112dbd8a40,14,effect_size,potentially_synthesis_critical,numeric,0.0041963911036508,True,True,True,False,True,False,VVV,0,1.0,1.0,True,True,True
EXT-14-107b5179d890,14,forest_type,categorical,categorical,0.0041101520756267,False,False,False,False,True,False,VVV,0,0.8392857142857143,0.8392857142857143,True,True,False
EXT-14-157bec51e39c,14,forest_type,categorical,categorical,0.0041101520756267,True,True,True,False,True,False,VVV,0,1.0,1.0,True,True,True
EXT-14-1956edb69d16,14,forest_type,categorical,categorical,1.0,False,False,False,False,True,False,VVV,0,0.6947368421052632,0.6947368421052632,False,False,False
EXT-14-1cb256838a6e,14,age_years,other_numeric,numeric,0.0135869565217391,True,True,True,True,False,False,NNN,0,1.0,,True,True,True
EXT-14-348eb75474fc,14,forest_type,categorical,categorical,0.4545454545454545,False,False,False,False,True,False,VVV,0,0.20809248554913296,0.20809248554913296,False,False,False
EXT-14-3ae48a139e8f,14,country,categorical,categorical,0.2702702702702703,True,True,True,True,False,False,NNN,0,1.0,,True,True,True
EXT-14-3c09be6839c7,14,age_years,other_numeric,numeric,0.0304878048780487,True,True,True,False,True,False,VVV,0,1.0,1.0,True,True,True
EXT-14-40edf42d411c,14,forest_type,categorical,categorical,1.0,True,True,True,True,False,False,NNN,0,1.0,,True,True,True
EXT-14-6665c6471cb4,14,sample_size,potentially_synthesis_critical,numeric,0.0041963911036508,True,True,True,True,False,False,NNN,0,1.0,,True,True,True
EXT-14-68afff46a0bd,14,sample_size,potentially_synthesis_critical,numeric,0.0115874855156431,True,True,True,False,True,False,VVV,0,1.0,1.0,True,True,True
EXT-14-6bec6f7a19a4,14,age_years,other_numeric,numeric,0.5,True,True,True,False,True,False,VVV,0,1.0,1.0,True,True,True
EXT-14-730af180e854,14,study_design,categorical,categorical,0.2702702702702703,False,False,False,False,True,False,VVV,0,0.7256637168141593,0.7256637168141593,True,False,False
EXT-14-7577e10e6c56,14,study_design,categorical,categorical,0.0131752305665349,False,False,False,False,True,False,VVV,0,0.7916666666666666,0.7916666666666666,True,False,False
EXT-14-76092955e58c,14,study_design,categorical,categorical,0.0131752305665349,False,False,False,False,True,False,VVV,0,0.38181818181818183,0.38181818181818183,False,False,False
EXT-14-7b3b12cd6bcf,14,country,categorical,categorical,0.0041101520756267,True,True,True,False,True,False,VVV,0,1.0,1.0,True,True,True
EXT-14-7dfbf04778f0,14,age_years,other_numeric,numeric,0.0304878048780487,True,True,True,False,True,False,VVV,0,1.0,1.0,True,True,True
EXT-14-81ee3b234010,14,age_years,other_numeric,numeric,0.5,False,False,False,False,True,False,VVV,0,0.5714285714285714,0.5714285714285714,False,False,False
EXT-14-858ae4d840c7,14,sample_size,potentially_synthesis_critical,numeric,1.0,True,True,True,False,True,False,VVV,0,1.0,1.0,True,True,True
EXT-14-85ec11119bc1,14,age_years,other_numeric,numeric,0.5,False,True,True,False,True,False,VVV,0,1.0,1.0,True,True,True
EXT-14-892ed608ac71,14,age_years,other_numeric,numeric,0.5,False,False,False,False,False,True,NNV,1,0.0,,False,False,False
EXT-14-8ba996adcb41,14,age_years,other_numeric,numeric,0.0135869565217391,True,True,True,True,False,False,NNN,0,1.0,,True,True,True
EXT-14-9532d35f18ff,14,country,categorical,categorical,0.0041101520756267,True,True,True,False,True,False,VVV,0,1.0,1.0,True,True,True
EXT-14-958fd6e3d66d,14,carbon_stock_tC_ha,potentially_synthesis_critical,numeric,1.0,True,True,True,True,False,False,NNN,0,1.0,,True,True,True
EXT-14-a66284ae6d2c,14,age_years,other_numeric,numeric,0.0135869565217391,True,True,True,True,False,False,NNN,0,1.0,,True,True,True
EXT-14-acb045da4d03,14,age_years,other_numeric,numeric,0.0304878048780487,True,True,True,False,True,False,VVV,0,1.0,1.0,True,True,True
EXT-14-af9581228860,14,forest_type,categorical,categorical,1.0,True,True,True,True,False,False,NNN,0,1.0,,True,True,True
EXT-14-afdbefff7d51,14,carbon_stock_tC_ha,potentially_synthesis_critical,numeric,0.0115874855156431,True,True,True,False,True,False,VVV,0,1.0,1.0,True,True,True
EXT-14-b56a9bce2f37,14,study_design,categorical,categorical,0.2702702702702703,False,False,False,False,True,False,VVV,0,0.3787878787878788,0.3787878787878788,False,False,False
EXT-14-b682e5264abb,14,forest_type,categorical,categorical,0.4545454545454545,False,False,False,False,True,False,VVV,0,0.7692307692307693,0.7692307692307693,True,False,False
EXT-14-b6f14e98468e,14,study_design,categorical,categorical,0.2702702702702703,False,False,False,False,True,False,VVV,0,0.9547738693467337,0.9547738693467337,True,True,True
EXT-14-ba3ec38c7087,14,age_years,other_numeric,numeric,0.0304878048780487,True,True,True,False,True,False,VVV,0,1.0,1.0,True,True,True
EXT-14-c02433a3c99b,14,sample_size,potentially_synthesis_critical,numeric,0.0115874855156431,True,True,True,False,True,False,VVV,0,1.0,1.0,True,True,True
EXT-14-c401d91ee367,14,carbon_stock_tC_ha,potentially_synthesis_critical,numeric,0.0041963911036508,False,False,False,False,True,False,VVV,0,0.2773722627737226,0.2773722627737226,False,False,False
EXT-14-c8ded06db996,14,age_years,other_numeric,numeric,0.0304878048780487,True,True,True,False,True,False,VVV,0,1.0,1.0,True,True,True
EXT-14-c8fdf712e9cf,14,sample_size,potentially_synthesis_critical,numeric,1.0,True,True,True,False,True,False,VVV,0,1.0,1.0,True,True,True
EXT-14-cbba59f80388,14,study_design,categorical,categorical,0.0131752305665349,False,False,False,False,True,False,VVV,0,0.5196850393700787,0.5196850393700787,False,False,False
EXT-14-cdbfa84f4e5f,14,age_years,other_numeric,numeric,0.0304878048780487,True,True,True,False,True,False,VVV,0,1.0,1.0,True,True,True
EXT-14-d45aff28ffe2,14,forest_type,categorical,categorical,0.0041101520756267,False,False,False,False,True,False,VVV,0,0.4807692307692308,0.4807692307692308,False,False,False
EXT-14-f72ded4e9eac,14,study_design,categorical,categorical,0.2702702702702703,False,False,False,False,True,False,VVV,0,0.524822695035461,0.524822695035461,False,False,False
EXT-14-f89784e2e5a4,14,forest_type,categorical,categorical,0.0131752305665349,False,False,False,False,True,False,VVV,0,0.3969465648854962,0.3969465648854962,False,False,False
EXT-14-fb351eaabfd5,14,study_design,categorical,categorical,0.2702702702702703,False,False,False,False,True,False,VVV,0,0.5628140703517588,0.5628140703517588,False,False,False
EXT-14-fb3b4e5e4332,14,sample_size,potentially_synthesis_critical,numeric,1.0,False,False,False,False,True,False,VVV,0,0.9,0.9,True,True,True
EXT-14-ff0d87e44769,14,age_years,other_numeric,numeric,0.0135869565217391,True,True,True,True,False,False,NNN,0,1.0,,True,True,True
EXT-15-147d6ebe18a4,15,study_design,categorical,categorical,0.1234567901234567,False,False,False,False,True,False,VVV,0,0.5121951219512195,0.5121951219512195,False,False,False
EXT-15-159639e2c2fa,15,ci_lower,potentially_synthesis_critical,numeric,0.3846153846153846,False,False,False,False,True,False,VVV,0,0.6,0.6,False,False,False
EXT-15-316ed0ad0fc7,15,outcome,categorical,categorical,0.0021968365553602,False,False,False,False,True,False,VVV,0,0.37305699481865284,0.37305699481865284,False,False,False
EXT-15-40fc078ba781,15,country,categorical,categorical,0.9090909090909092,False,False,False,False,True,False,VVV,0,0.8923076923076924,0.8923076923076924,True,True,False
EXT-15-465dc85e440c,15,effect_size,potentially_synthesis_critical,numeric,0.0034002040122407,True,True,True,True,False,False,NNN,0,1.0,,True,True,True
EXT-15-511c66cdbef0,15,ci_lower,potentially_synthesis_critical,numeric,0.3846153846153846,False,False,False,False,True,False,VVV,0,0.5,0.5,False,False,False
EXT-15-5f1cffb1055d,15,ci_upper,potentially_synthesis_critical,numeric,0.0034002040122407,True,True,True,True,False,False,NNN,0,1.0,,True,True,True
EXT-15-68963c5ac337,15,country,categorical,categorical,0.9090909090909092,False,False,False,False,False,True,VNN,1,0.0,,False,False,False
EXT-15-6dcf0168cb93,15,country,categorical,categorical,0.0139860139860139,True,True,True,True,False,False,NNN,0,1.0,,True,True,True
EXT-15-6fbfded7c1aa,15,outcome,categorical,categorical,0.0021968365553602,False,False,False,False,True,False,VVV,0,0.9247311827956989,0.9247311827956989,True,True,True
EXT-15-72b55efbb866,15,study_design,categorical,categorical,0.0139860139860139,True,True,True,True,False,False,NNN,0,1.0,,True,True,True
EXT-15-831fa6efbd73,15,ci_upper,potentially_synthesis_critical,numeric,0.0034002040122407,True,True,True,True,False,False,NNN,0,1.0,,True,True,True
EXT-15-8380b3b46a39,15,effect_size,potentially_synthesis_critical,numeric,0.3846153846153846,True,True,True,False,True,False,VVV,0,1.0,1.0,True,True,True
EXT-15-8824f6d4b64e,15,country,categorical,categorical,0.9090909090909092,False,True,True,False,True,False,VVV,0,1.0,1.0,True,True,True
EXT-15-8a621118aa9c,15,outcome,categorical,categorical,0.0021968365553602,False,True,True,False,True,False,VVV,0,1.0,1.0,True,True,True
EXT-15-a2dac623294f,15,country,categorical,categorical,0.0139860139860139,True,True,True,True,False,False,NNN,0,1.0,,True,True,True
EXT-15-ab8bf548a7bf,15,outcome,categorical,categorical,0.2439024390243902,False,False,False,False,True,False,VVV,0,0.991869918699187,0.991869918699187,True,True,True
EXT-15-c60e7d44161e,15,ci_lower,potentially_synthesis_critical,numeric,0.0041152263374485,True,True,True,False,True,False,VVV,0,1.0,1.0,True,True,True
EXT-15-cc65aa7952a8,15,study_design,categorical,categorical,0.1234567901234567,False,False,False,False,True,False,VVV,0,0.968944099378882,0.968944099378882,True,True,True
EXT-15-d1d39de3c2df,15,country,categorical,categorical,0.2439024390243902,False,True,True,False,True,False,VVV,0,1.0,1.0,True,True,True
EXT-15-de6cd43a1a39,15,study_design,categorical,categorical,0.0021968365553602,False,True,True,False,True,False,VVV,0,1.0,1.0,True,True,True
EXT-15-f37ec99233ec,15,ci_upper,potentially_synthesis_critical,numeric,0.0034002040122407,True,True,True,True,False,False,NNN,0,1.0,,True,True,True
EXT-15-f58c7721c7a8,15,ci_upper,potentially_synthesis_critical,numeric,0.0041152263374485,True,True,True,False,True,False,VVV,0,1.0,1.0,True,True,True
EXT-15-fafb69c37653,15,country,categorical,categorical,0.0021968365553602,True,True,True,False,True,False,VVV,0,1.0,1.0,True,True,True
EXT-16-01efa4403f57,16,sample_size,potentially_synthesis_critical,numeric,0.0561797752808988,True,True,True,False,True,False,VVV,0,1.0,1.0,True,True,True
EXT-16-1704452491dc,16,concentration_items_L,potentially_synthesis_critical,numeric,0.053763440860215,True,True,True,True,False,False,NNN,0,1.0,,True,True,True
EXT-16-3e309b09a8a3,16,polymer_type,categorical,categorical,0.1063829787234042,True,True,True,True,False,False,NNN,0,1.0,,True,True,True
EXT-16-45acbb81639c,16,study_design,categorical,categorical,0.0142045454545454,False,False,False,False,True,False,VVV,0,0.45714285714285713,0.45714285714285713,False,False,False
EXT-16-49c697cf5eff,16,concentration_items_L,potentially_synthesis_critical,numeric,0.303030303030303,True,True,True,True,False,False,NNN,0,1.0,,True,True,True
EXT-16-55ef79adf12f,16,concentration_items_L,potentially_synthesis_critical,numeric,0.0561797752808988,False,False,False,False,False,True,VNV,2,0.0,1.0,False,False,False
EXT-16-633b9894f471,16,country,categorical,categorical,1.0,True,True,True,False,True,False,VVV,0,1.0,1.0,True,True,True
EXT-16-878601e0da49,16,study_design,categorical,categorical,0.0142045454545454,False,False,False,False,True,False,VVV,0,0.6153846153846154,0.6153846153846154,False,False,False
EXT-16-ab6cfc12bfbb,16,concentration_items_L,potentially_synthesis_critical,numeric,0.303030303030303,False,False,False,False,True,False,VVV,0,0.6976744186046512,0.6976744186046512,False,False,False
EXT-16-b9e6184af520,16,concentration_items_L,potentially_synthesis_critical,numeric,0.053763440860215,True,True,True,True,False,False,NNN,0,1.0,,True,True,True
EXT-16-c637cc006e74,16,study_design,categorical,categorical,0.0142045454545454,False,False,False,False,True,False,VVV,0,0.8333333333333334,0.8333333333333334,True,True,False
EXT-16-d4b44c07ae75,16,sample_size,potentially_synthesis_critical,numeric,0.0561797752808988,True,True,True,False,True,False,VVV,0,1.0,1.0,True,True,True
EXT-16-e3d5c0ca1577,16,polymer_type,categorical,categorical,0.1063829787234042,True,True,True,True,False,False,NNN,0,1.0,,True,True,True
EXT-16-f212bf9b40af,16,sample_size,potentially_synthesis_critical,numeric,1.0,True,True,True,True,False,False,NNN,0,1.0,,True,True,True
EXT-17-040bf7170929,17,year,other_numeric,numeric,0.6666666666666666,True,True,True,False,True,False,VVV,0,1.0,1.0,True,True,True
EXT-17-045efa78939c,17,accuracy_percent,potentially_synthesis_critical,numeric,0.1923076923076923,False,False,False,False,True,False,VVV,0,0.23809523809523808,0.23809523809523808,False,False,False
EXT-17-0c1b42d057bf,17,accuracy_percent,potentially_synthesis_critical,numeric,0.0709219858156028,True,True,True,True,False,False,NNN,0,1.0,,True,True,True
EXT-17-0fbffdf1c610,17,study_design,categorical,categorical,0.0146627565982404,False,False,False,False,True,False,VVV,0,0.34285714285714286,0.34285714285714286,False,False,False
EXT-17-14c1e918507b,17,accuracy_percent,potentially_synthesis_critical,numeric,1.0,False,False,False,False,True,False,VVV,0,0.8888888888888888,0.8888888888888888,True,True,False
EXT-17-20896bb279e5,17,year,other_numeric,numeric,0.6666666666666666,True,True,True,False,True,False,VVV,0,1.0,1.0,True,True,True
EXT-17-21ce262e4bfb,17,model_name,categorical,categorical,0.0884955752212389,True,True,True,True,False,False,NNN,0,1.0,,True,True,True
EXT-17-30eba066ff52,17,model_name,categorical,categorical,1.0,True,True,True,True,False,False,NNN,0,1.0,,True,True,True
EXT-17-31deb1c994a8,17,year,other_numeric,numeric,0.0261780104712041,True,True,True,True,False,False,NNN,0,1.0,,True,True,True
EXT-17-36be32938778,17,accuracy_percent,potentially_synthesis_critical,numeric,0.1923076923076923,True,True,True,False,True,False,VVV,0,1.0,1.0,True,True,True
EXT-17-3a6dbfcccc1c,17,accuracy_percent,potentially_synthesis_critical,numeric,1.0,True,True,True,True,False,False,NNN,0,1.0,,True,True,True
EXT-17-3c98fcef8d5d,17,parameter_count_B,other_numeric,numeric,0.0261780104712041,True,True,True,True,False,False,NNN,0,1.0,,True,True,True
EXT-17-4e6dad4d32cd,17,task_type,categorical,categorical,0.0146627565982404,False,False,False,False,True,False,VVV,0,0.29850746268656714,0.29850746268656714,False,False,False
EXT-17-5541abd82342,17,model_name,categorical,categorical,1.0,False,False,False,False,False,True,NNV,1,0.0,,False,False,False
EXT-17-5b47bea61daa,17,accuracy_percent,potentially_synthesis_critical,numeric,0.1923076923076923,False,False,False,False,True,False,VVV,0,0.8888888888888888,0.8888888888888888,True,True,False
EXT-17-5d8bca74139f,17,year,other_numeric,numeric,0.6666666666666666,False,False,False,False,False,True,VVN,1,0.0,1.0,False,False,False
EXT-17-5e87c52d978c,17,study_design,categorical,categorical,0.0884955752212389,False,False,False,False,True,False,VVV,0,0.35714285714285715,0.35714285714285715,False,False,False
EXT-17-6b42f7293fff,17,model_name,categorical,categorical,0.0884955752212389,True,True,True,True,False,False,NNN,0,1.0,,True,True,True
EXT-17-7ba180e058c8,17,year,other_numeric,numeric,0.0261780104712041,True,True,True,True,False,False,NNN,0,1.0,,True,True,True
EXT-17-83d2175ce09e,17,study_design,categorical,categorical,0.0884955752212389,False,False,False,False,True,False,VVV,0,0.5950413223140496,0.5950413223140496,False,False,False
EXT-17-857d63e248a5,17,year,other_numeric,numeric,1.0,True,True,True,False,True,False,VVV,0,1.0,1.0,True,True,True
EXT-17-af425e72c6c2,17,accuracy_percent,potentially_synthesis_critical,numeric,1.0,True,True,True,True,False,False,NNN,0,1.0,,True,True,True
EXT-17-da37c83eff29,17,parameter_count_B,other_numeric,numeric,0.6666666666666666,True,True,True,False,True,False,VVV,0,1.0,1.0,True,True,True
EXT-17-f7260285cb37,17,task_type,categorical,categorical,0.0146627565982404,False,False,False,False,True,False,VVV,0,0.7924528301886793,0.7924528301886793,True,False,False
EXT-17-f9789250f2a9,17,parameter_count_B,other_numeric,numeric,1.0,True,True,True,False,True,False,VVV,0,1.0,1.0,True,True,True
EXT-17-fab7a3872517,17,model_name,categorical,categorical,1.0,False,False,False,False,False,True,VNV,2,0.0,1.0,False,False,False
EXT-17-faf6f36dd37b,17,accuracy_percent,potentially_synthesis_critical,numeric,1.0,False,False,False,False,False,True,VNN,1,0.0,,False,False,False
EXT-18-120eab69b437,18,accuracy_percent,potentially_synthesis_critical,numeric,1.0,True,True,True,True,False,False,NNN,0,1.0,,True,True,True
EXT-18-1aeb8e45f3c6,18,n_clients,other_numeric,numeric,0.026525198938992,True,True,True,True,False,False,NNN,0,1.0,,True,True,True
EXT-18-1b233efca9cd,18,aggregation_algorithm,categorical,categorical,0.0172711571675302,True,True,True,False,True,False,VVV,0,1.0,1.0,True,True,True
EXT-18-26c34a1bf582,18,accuracy_percent,potentially_synthesis_critical,numeric,0.25,True,True,True,False,True,False,VVV,0,1.0,1.0,True,True,True
EXT-18-2914316de5c9,18,accuracy_percent,potentially_synthesis_critical,numeric,0.25,True,True,True,False,True,False,VVV,0,1.0,1.0,True,True,True
EXT-18-4b24eb08a6f9,18,privacy_budget_epsilon,other_numeric,numeric,0.5,True,True,True,False,True,False,VVV,0,1.0,1.0,True,True,True
EXT-18-611cd56ca8b8,18,accuracy_percent,potentially_synthesis_critical,numeric,0.0641025641025641,True,True,True,True,False,False,NNN,0,1.0,,True,True,True
EXT-18-65d4deb55bc2,18,n_clients,other_numeric,numeric,0.5,True,True,True,False,True,False,VVV,0,1.0,1.0,True,True,True
EXT-18-65ea000f0e96,18,privacy_budget_epsilon,other_numeric,numeric,0.026525198938992,True,True,True,True,False,False,NNN,0,1.0,,True,True,True
EXT-18-675c45865d77,18,dataset,categorical,categorical,0.0172711571675302,False,False,False,False,False,True,VNV,2,0.0,1.0,False,False,False
EXT-18-7527d7a9c76c,18,n_clients,other_numeric,numeric,0.026525198938992,True,True,True,True,False,False,NNN,0,1.0,,True,True,True
EXT-18-75abe5245cc0,18,accuracy_percent,potentially_synthesis_critical,numeric,0.0641025641025641,True,True,True,True,False,False,NNN,0,1.0,,True,True,True
EXT-18-79c063676f0b,18,privacy_mechanism,categorical,categorical,0.0469483568075117,False,True,True,False,True,False,VVV,0,1.0,1.0,True,True,True
EXT-18-af46cc3a1c21,18,n_clients,other_numeric,numeric,0.5,True,True,True,True,False,False,NNN,0,1.0,,True,True,True
EXT-18-af4b6db5de46,18,dataset,categorical,categorical,0.0469483568075117,True,True,True,True,False,False,NNN,0,1.0,,True,True,True
EXT-18-c69ce6d88294,18,accuracy_percent,potentially_synthesis_critical,numeric,0.25,True,True,True,False,True,False,VVV,0,1.0,1.0,True,True,True
EXT-18-caca9b5ae1d1,18,privacy_mechanism,categorical,categorical,0.0172711571675302,False,False,True,False,True,False,VVV,0,0.8367346938775511,0.8367346938775511,True,True,False
EXT-18-dba4c80fb377,18,study_design,categorical,categorical,0.0469483568075117,False,False,False,False,True,False,VVV,0,0.7241379310344828,0.7241379310344828,True,False,False
EXT-18-e61d0ebdecc3,18,study_design,categorical,categorical,1.0,False,False,False,False,True,False,VVV,0,0.48128342245989303,0.48128342245989303,False,False,False
EXT-18-eb071316f898,18,n_clients,other_numeric,numeric,0.5,True,True,True,False,True,False,VVV,0,1.0,1.0,True,True,True
EXT-18-f48e6ab53d69,18,privacy_budget_epsilon,other_numeric,numeric,0.5,False,True,True,False,True,False,VVV,0,1.0,1.0,True,True,True
EXT-18-f77a908ffbd4,18,accuracy_percent,potentially_synthesis_critical,numeric,0.25,False,False,False,False,True,False,VVV,0,0.1111111111111111,0.1111111111111111,False,False,False
EXT-18-ff41b831c9a2,18,n_clients,other_numeric,numeric,0.5,True,True,True,False,True,False,VVV,0,1.0,1.0,True,True,True
EXT-18-ffecb9c8a28e,18,aggregation_algorithm,categorical,categorical,0.0469483568075117,True,True,True,True,False,False,NNN,0,1.0,,True,True,True
EXT-19-1897d3b7b131,19,sample_size,potentially_synthesis_critical,numeric,0.5,True,True,True,False,True,False,VVV,0,1.0,1.0,True,True,True
EXT-19-1e3fe1e0608b,19,sample_size,potentially_synthesis_critical,numeric,0.0555555555555555,True,True,True,True,False,False,NNN,0,1.0,,True,True,True
EXT-19-2c34e35de393,19,methodology,categorical,categorical,1.0,False,False,False,False,True,False,VVV,0,0.5866666666666667,0.5866666666666667,False,False,False
EXT-19-36f4b747fb90,19,methodology,categorical,categorical,0.0123456790123456,False,True,True,False,True,False,VVV,0,1.0,1.0,True,True,True
EXT-19-4cba7b3f473c,19,sample_size,potentially_synthesis_critical,numeric,0.0555555555555555,True,True,True,True,False,False,NNN,0,1.0,,True,True,True
EXT-19-4d13b5b029de,19,sample_size,potentially_synthesis_critical,numeric,0.5,True,True,True,False,True,False,VVV,0,1.0,1.0,True,True,True
EXT-19-85574fc4eded,19,sample_size,potentially_synthesis_critical,numeric,0.0555555555555555,True,True,True,True,False,False,NNN,0,1.0,,True,True,True
EXT-19-ab39cedf492a,19,study_design,categorical,categorical,0.0546448087431694,False,False,False,False,True,False,VVV,0,0.4827586206896552,0.4827586206896552,False,False,False
EXT-19-b14570013883,19,study_design,categorical,categorical,0.0546448087431694,False,False,False,False,True,False,VVV,0,0.6530612244897959,0.6530612244897959,False,False,False
EXT-19-b665d8944f46,19,sample_size,potentially_synthesis_critical,numeric,0.5,True,True,True,False,True,False,VVV,0,1.0,1.0,True,True,True
EXT-19-c64e209455ed,19,methodology,categorical,categorical,0.0546448087431694,False,False,False,False,True,False,VVV,0,0.4585987261146497,0.4585987261146497,False,False,False
EXT-19-c8215e1d525f,19,application_domain,categorical,categorical,0.0123456790123456,False,True,True,False,True,False,VVV,0,1.0,1.0,True,True,True
EXT-19-ef5807ea7ad9,19,sample_size,potentially_synthesis_critical,numeric,0.0555555555555555,True,True,True,False,True,False,VVV,0,1.0,1.0,True,True,True
EXT-20-0891cb31ee3c,20,accuracy_percent,potentially_synthesis_critical,numeric,0.1538461538461538,False,False,False,False,True,False,VVV,0,0.9090909090909091,0.9090909090909091,True,True,True
EXT-20-08ee85189060,20,dataset_size,other_numeric,numeric,0.0588235294117647,True,True,True,True,False,False,NNN,0,1.0,,True,True,True
EXT-20-103fb71f072b,20,study_design,categorical,categorical,0.1098901098901098,False,False,False,False,True,False,VVV,0,0.5882352941176471,0.5882352941176471,False,False,False
EXT-20-1b5b653bf83a,20,industry_sector,categorical,categorical,0.0142045454545454,False,False,False,False,True,False,VVV,0,0.5135135135135135,0.5135135135135135,False,False,False
EXT-20-23ea5387230c,20,accuracy_percent,potentially_synthesis_critical,numeric,1.0,False,False,False,False,True,False,VVV,0,0.782608695652174,0.782608695652174,True,False,False
EXT-20-276d5873c536,20,accuracy_percent,potentially_synthesis_critical,numeric,0.1538461538461538,False,False,False,False,True,False,VVV,0,0.5714285714285714,0.5714285714285714,False,False,False
EXT-20-2d35bace74a1,20,f1_score,potentially_synthesis_critical,numeric,0.0302114803625377,True,True,True,True,False,False,NNN,0,1.0,,True,True,True
EXT-20-31761376143a,20,dataset_size,other_numeric,numeric,0.0588235294117647,True,True,True,True,False,False,NNN,0,1.0,,True,True,True
EXT-20-346143549d72,20,dataset_size,other_numeric,numeric,0.0588235294117647,True,True,True,True,False,False,NNN,0,1.0,,True,True,True
EXT-20-4306c89ad8cf,20,dataset_size,other_numeric,numeric,0.4,False,False,False,False,False,True,NVV,1,0.0,1.0,False,False,False
EXT-20-52f4aaf2db73,20,f1_score,potentially_synthesis_critical,numeric,1.0,False,False,False,False,True,False,VVV,0,0.64,0.64,False,False,False
EXT-20-58a67f82d774,20,dataset_size,other_numeric,numeric,0.4,True,True,True,False,True,False,VVV,0,1.0,1.0,True,True,True
EXT-20-6c9d3793d3a8,20,dataset_size,other_numeric,numeric,1.0,False,False,False,False,False,True,VNN,1,0.0,,False,False,False
EXT-20-7ef3ca556a5b,20,accuracy_percent,potentially_synthesis_critical,numeric,0.1538461538461538,True,True,True,False,True,False,VVV,0,1.0,1.0,True,True,True
EXT-20-8547dcc0ba34,20,dataset_size,other_numeric,numeric,0.4,True,True,True,False,True,False,VVV,0,1.0,1.0,True,True,True
EXT-20-9e7600ebbf8d,20,accuracy_percent,potentially_synthesis_critical,numeric,0.1538461538461538,True,True,True,False,True,False,VVV,0,1.0,1.0,True,True,True
EXT-20-a1db83265ed8,20,dataset_size,other_numeric,numeric,0.4,True,True,True,True,False,False,NNN,0,1.0,,True,True,True
EXT-20-b63da89f49c8,20,f1_score,potentially_synthesis_critical,numeric,0.0302114803625377,True,True,True,True,False,False,NNN,0,1.0,,True,True,True
EXT-20-bd2214c481f2,20,fault_type,categorical,categorical,0.1098901098901098,True,True,True,True,False,False,NNN,0,1.0,,True,True,True
EXT-20-d4dcbb8339ed,20,f1_score,potentially_synthesis_critical,numeric,0.0302114803625377,True,True,True,True,False,False,NNN,0,1.0,,True,True,True
EXT-20-da471e895fcf,20,dataset_size,other_numeric,numeric,0.0588235294117647,True,True,True,True,False,False,NNN,0,1.0,,True,True,True
EXT-20-dbfa0df4c4df,20,f1_score,potentially_synthesis_critical,numeric,0.0302114803625377,True,True,True,True,False,False,NNN,0,1.0,,True,True,True
EXT-20-e18d16e94563,20,dataset_size,other_numeric,numeric,0.4,False,False,False,False,False,True,VVN,1,0.0,1.0,False,False,False
EXT-20-f21f62fc91c0,20,fault_type,categorical,categorical,0.0142045454545454,True,True,True,True,False,False,NNN,0,1.0,,True,True,True
EXT-20-f6b7cda28f67,20,dataset_size,other_numeric,numeric,0.4,True,True,True,True,False,False,NNN,0,1.0,,True,True,True
